central_id,local_id
3-1,20211108_0853_MN37014_FAQ67267_d79f84d8_barcode01
3-1,
3-1,
3-1,
3-2,20211108_0853_MN37014_FAQ67267_d79f84d8_barcode02
3-2,
3-2,
3-2,
3-3,20211108_0853_MN37014_FAQ67267_d79f84d8_barcode03
3-3,
3-3,
3-3,
4,COV20-273082
4,
4,
4-1,20211108_0854_MN37014_FAQ67267_d79f84d8_barcode01
4-1,
4-1,
4-1,
4-2,20211108_0854_MN37014_FAQ67267_d79f84d8_barcode02
4-2,
4-2,
4-2,
4-3,20211108_0854_MN37014_FAQ67267_d79f84d8_barcode03
4-3,
4-3,
4-3,
5,COV21-387312
5,
5,
5-1,20211108_0851_MN37014_FAQ67267_d79f84d8_barcode01
5-1,
5-1,
5-1,
5-2,20211108_0851_MN37014_FAQ67267_d79f84d8_barcode02
5-2,
5-2,
5-2,
5-3,20211108_0851_MN37014_FAQ67267_d79f84d8_barcode03
5-3,
5-3,
5-3,
6,COV21-388539
6,
6,
6-1,20211108_0852_MN37014_FAQ67267_d79f84d8_barcode01
6-1,
6-1,
6-1,
6-2,20211108_0852_MN37014_FAQ67267_d79f84d8_barcode02
6-2,
6-2,
6-2,
6-3,20211108_0852_MN37014_FAQ67267_d79f84d8_barcode03
6-3,
6-3,
6-3,
7,COV21-390841
7,
7,
7,
7,
7-1,20211108_0855_MN37014_FAQ67267_d79f84d8_barcode01
7-1,
7-1,
7-1,
7-2,20211108_0855_MN37014_FAQ67267_d79f84d8_barcode02
7-2,
7-2,
7-2,
7-3,20211108_0855_MN37014_FAQ67267_d79f84d8_barcode03
7-3,
7-3,
7-3,
8,COV21-387781
8,
8,
8,
8,
9,COV21-387782
9,
9,
9,
9,
10,COV21-387793
10,
10,
10,
10,
11,COV21-387796
11,
11,
11,
11,
11-4,TEST-PGCMIN-001
11-4,
11-4,
11-4,
11-4,
11-5,TEST-PGCMIN-002
11-5,
11-5,
11-5,
11-5,
12,COV21-387097
12,
12,
12,
12,
12-1,3967
12-1,
12-1,
12-2,4031
12-2,
12-2,
12-3,4040
12-3,
12-3,
12-4,4067
12-4,
12-4,
12-5,4086
12-5,
12-5,
12-6,4104
12-6,
12-6,
12-7,4105
12-7,
12-7,
12-8,4161
12-8,
12-8,
12-9,4165
12-9,
12-9,
12-10,4216
12-10,
12-10,
12-11,4217
12-11,
12-11,
12-12,4233
12-12,
12-12,
12-13,4240
12-13,
12-14,4244
12-14,
12-15,4248
12-15,
12-16,4303
12-16,
12-17,4318
12-17,
12-17,
12-18,4321
12-18,
12-18,
12-19,4324
12-19,
12-19,
12-20,4335
12-20,
12-20,
12-21,4336
12-21,
12-21,
12-22,4345
12-22,
12-22,
12-23,4354
12-23,
12-23,
12-24,4980
12-24,
12-24,
12-25,4990
12-25,
12-25,
12-26,4994
12-26,
12-26,
12-27,4955
12-27,
12-27,
12-28,4956
12-28,
12-28,
12-29,4923
12-29,
12-29,
12-30,4755
12-30,
12-30,
12-31,4722
12-31,
12-31,
12-32,4759
12-32,
12-32,
12-33,4799
12-33,
12-33,
12-34,4814
12-34,
12-34,
12-35,4820
12-35,
12-35,
12-36,4996
12-36,
12-36,
12-37,4618
12-37,
12-37,
12-38,4696
12-38,
12-38,
12-39,4665
12-39,
12-39,
12-40,4664
12-40,
12-40,
12-41,4708
12-41,
12-41,
12-42,4712
12-42,
12-42,
12-43,4718
12-43,
12-43,
12-44,4707
12-44,
12-44,
12-45,4526
12-45,
12-45,
12-46,4527
12-46,
12-46,
12-47,4533
12-47,
12-47,
12-48,4541
12-48,
12-48,
12-49,4540
12-49,
12-49,
12-50,4635
12-50,
12-50,
13,COV21-388624
13,
13,
13-1,C21-18775
13-2,C21-18795
13-3,C21-18801
13-4,C21-18884
13-5,C21-18914
13-6,A21-25011
13-7,A21-25012
13-8,A21-25017
13-9,A21-25018
13-10,A21-25028
13-11,A21-25029
13-12,A21-25042
13-13,A21-25048
13-14,A21-25053
13-15,A21-25099
13-16,A21-25101
13-17,A21-25134
13-18,A21-25139
13-19,A21-25158
13-20,A21-25159
13-21,A21-25160
13-22,A21-25166
13-23,A21-25171
13-24,A21-25172
13-25,A21-25178
13-26,A21-25195
13-27,A21-25227
13-28,A21-25236
13-29,A21-25240
13-30,A21-25249
13-31,A21-25265
13-32,A21-25273
13-33,A21-25289
13-34,A21-25309
13-35,A21-25361
13-36,A21-25367
13-37,A21-25384
13-38,A21-25396
13-39,A21-25400
13-40,A21-25804
13-41,A21-25806
13-42,A21-25813
13-43,A21-25821
13-44,A21-25830
13-45,A21-25833
13-46,A21-25433
13-47,B21-2890
13-48,B21-2893
13-49,B21-2915
13-50,B21-2933
13-51,C18775
13-51,
13-51,
13-52,C18795
13-52,
13-52,
13-53,C18801
13-53,
13-53,
13-54,A25011
13-54,
13-54,
13-55,A25012
13-55,
13-55,
13-56,A25017
13-56,
13-56,
13-57,A25018
13-57,
13-57,
13-58,A25028
13-58,
13-58,
13-59,A25029
13-59,
13-59,
13-60,A25042
13-60,
13-60,
13-61,A25048
13-61,
13-61,
13-62,A25053
13-62,
13-62,
13-63,A25099
13-63,
13-63,
13-64,A25101
13-64,
13-64,
13-65,A25134
13-65,
13-65,
13-66,A25139
13-66,
13-66,
13-67,A25158
13-67,
13-67,
13-68,A25159
13-68,
13-68,
13-69,A25160
13-69,
13-69,
13-70,A25166
13-70,
13-70,
13-71,A25171
13-71,
13-71,
13-72,A25172
13-72,
13-72,
13-73,A25178
13-73,
13-73,
13-74,A25195
13-74,
13-74,
13-75,A25227
13-75,
13-75,
13-76,A25236
13-76,
13-76,
13-77,A25240
13-77,
13-77,
13-78,A25249
13-78,
13-78,
13-79,A25265
13-79,
13-79,
13-80,A25273
13-80,
13-80,
13-81,A25289
13-81,
13-81,
13-82,A25309
13-82,
13-82,
13-83,A25361
13-83,
13-83,
13-84,A25367
13-84,
13-84,
13-85,A25384
13-85,
13-85,
13-86,A25396
13-86,
13-86,
13-87,A25400
13-87,
13-87,
13-88,B2890
13-88,
13-88,
13-89,B2893
13-89,
13-89,
13-90,C18884
13-90,
13-90,
13-91,C18914
13-91,
13-91,
13-92,A25804
13-92,
13-92,
13-93,A25806
13-93,
13-93,
13-94,A25813
13-94,
13-94,
13-95,A25821
13-95,
13-95,
13-96,A25830
13-96,
13-96,
13-97,A25833
13-97,
13-97,
13-98,B2915
13-98,
13-98,
13-99,B2933
13-99,
13-99,
13-100,A(2) 25433
13-100,
13-100,
14,COV21-388625
14,
14,
14,
14,
14-1,0521-03092
14-1,
14-1,
14-2,0521-02116
14-2,
14-2,
14-3,0521-02477
14-3,
14-3,
14-4,0521-02480
14-4,
14-4,
14-5,0521-02481
14-5,
14-5,
14-6,0521-02869
14-6,
14-6,
14-7,0521-03073
14-7,
14-7,
14-8,0521-03074
14-8,
14-8,
14-9,0521-03093
14-9,
14-9,
14-10,0521-03097
14-10,
14-10,
14-11,13442
14-11,
14-11,
14-12,13433
14-12,
14-12,
14-13,13264
14-13,
14-13,
14-14,13263
14-14,
14-14,
14-15,13235
14-15,
14-15,
14-16,13236
14-16,
14-16,
14-17,12872
14-17,
14-17,
14-18,12606
14-18,
14-18,
14-19,12519
14-19,
14-19,
14-20,12197
14-20,
14-20,
14-21,12195
14-21,
14-21,
14-22,12194
14-22,
14-22,
14-23,12189
14-23,
14-23,
14-24,12187
14-24,
14-24,
14-25,12181
14-25,
14-25,
14-26,12161
14-26,
14-26,
14-27,12156
14-27,
14-27,
14-28,12152
14-28,
14-28,
14-29,12469
14-29,
14-29,
14-30,12243
14-30,
14-30,
14-31,12242
14-31,
14-31,
14-32,12240
14-32,
14-32,
14-33,12237
14-33,
14-33,
14-34,12236
14-34,
14-34,
14-34,
14-34,
14-35,12134
14-35,
14-35,
14-35,
14-35,
14-36,12132
14-36,
14-36,
14-36,
14-36,
14-37,12088
14-37,
14-37,
14-37,
14-37,
14-38,11996
14-38,
14-38,
14-38,
14-38,
14-39,11936
14-39,
14-39,
14-39,
14-39,
14-40,11929
14-40,
14-40,
14-40,
14-40,
14-41,11919
14-41,
14-41,
14-41,
14-41,
14-42,11914
14-42,
14-42,
14-42,
14-42,
14-43,2447
14-43,
14-43,
14-43,
14-43,
14-44,11906
14-44,
14-44,
14-44,
14-44,
14-45,11892
14-45,
14-45,
14-45,
14-45,
14-46,11889
14-46,
14-46,
14-46,
14-46,
14-47,11885
14-47,
14-47,
14-47,
14-47,
14-48,11879
14-48,
14-48,
14-48,
14-48,
14-49,11874
14-49,
14-49,
14-49,
14-49,
14-50,01666
14-50,
14-50,
14-50,
14-50,
15,COV21-389870
15,
15,
16,COV21-389359
16,
16,
16,
16,
16-1,S1
16-1,
16-1,
16-2,S2
16-2,
16-2,
16-3,S3
16-3,
16-3,
16-4,S4
16-4,
16-4,
16-5,S5
16-5,
16-5,
16-6,S6
16-6,
16-6,
16-7,S7
16-7,
16-7,
16-8,S8
16-8,
16-8,
16-9,S9
16-9,
16-9,
16-10,S10
16-10,
16-10,
16-11,S11
16-11,
16-11,
16-12,S12
16-12,
16-12,
16-13,S13
16-13,
16-13,
16-14,S14
16-14,
16-14,
16-15,S15
16-15,
16-15,
16-16,S16
16-16,
16-16,
16-17,S17
16-17,
16-17,
16-18,S18
16-18,
16-18,
16-19,S19
16-19,
16-19,
16-20,S20
16-20,
16-20,
16-21,S21
16-21,
16-21,
16-22,S22
16-22,
16-22,
16-23,S23
16-23,
16-23,
16-24,S24
16-24,
16-24,
16-25,S25
16-25,
16-25,
16-26,S26
16-26,
16-26,
16-27,S27
16-27,
16-27,
16-28,S28
16-28,
16-28,
16-29,S29
16-29,
16-29,
16-30,S30
16-30,
16-30,
16-31,S31
16-31,
16-31,
16-32,S32
16-32,
16-32,
16-33,S33
16-33,
16-33,
17,COV21-391467
17,
17,
17,
17,
17-1,COVID-PCR-21-20293
17-1,
17-1,
17-2,COVID-PCR-21-20329
17-2,
17-2,
17-3,COVID-PCR-21-20847
17-3,
17-3,
17-4,COVID-PCR-21-20785
17-4,
17-4,
17-5,COVID-PCR-21-20783
17-5,
17-5,
17-6,COVID-PCR-21-23421
17-6,
17-6,
17-7,COVID-PCR-21-21000
17-7,
17-7,
17-8,COVID-PCR-21-20996
17-8,
17-8,
17-9,COVID-PCR-21-21718
17-9,
17-9,
17-10,COVID-PCR-21-21707
17-11,COVID-PCR-21-20346
17-11,
17-11,
17-12,COVID-PCR-21-20663
17-12,
17-12,
17-13,COVID-PCR-21-20761
17-13,
17-13,
17-14,COVID-PCR-21-20759
17-14,
17-14,
17-15,COVID-PCR-21-20750
17-15,
17-15,
17-16,COVID-PCR-21-20940
17-16,
17-16,
17-17,COVID-PCR-21-20318
17-17,
17-17,
17-18,COVID-PCR-21-20319
17-18,
17-18,
17-19,COVID-PCR-21-20524
17-19,
17-19,
17-20,COVID-PCR-21-20526
17-20,
17-20,
17-21,COVID-PCR-21-20435
17-22,COVID-PCR-21-21085
17-23,COVID-PCR-21-21082
17-23,
17-23,
17-24,COVID-PCR-21-20972
17-24,
17-24,
17-25,COVID-PCR-21-20970
17-25,
17-25,
17-26,COVID-PCR-21-20272
17-26,
17-26,
17-27,COVID-PCR-21-20837
17-27,
17-27,
17-28,COVID-PCR-21-20839
17-29,COVID-PCR-21-20836
17-29,
17-29,
17-30,COVID-PCR-21-20831
17-30,
17-30,
17-31,COVID-PCR-21-20514
17-31,
17-31,
17-32,COVID-PCR-21-20516
17-32,
17-32,
17-33,COVID-PCR-21-20547
17-33,
17-33,
17-34,COVID-PCR-21-20569
17-34,
17-34,
17-35,COVID-PCR-21-21871
17-35,
17-35,
17-36,COVID-PCR-21-29789
17-36,
17-36,
17-37,COVID-PCR-21-29782
17-37,
17-37,
17-38,COVID-PCR-21-30236
17-38,
17-38,
17-39,COVID-PCR-21-30228
17-39,
17-39,
17-40,COVID-PCR-21-30219
17-40,
17-40,
17-41,COVID-PCR-21-30481
17-42,COVID-PCR-21-31443
17-43,COVID-PCR-21-31445
17-43,
17-43,
17-44,COVID-PCR-21-31435
17-44,
17-44,
17-45,COVID-PCR-21-31415
17-45,
17-45,
17-46,COVID-PCR-21-31425
17-46,
17-46,
17-47,COVID-PCR-21-31314
17-47,
17-47,
17-48,COVID-PCR-21-31227
17-48,
17-48,
17-49,COVID-PCR-21-31226
17-49,
17-49,
17-50,COVID-PCR-21-31183
17-50,
17-50,
17-51,COVID-PCR-21-31182
17-51,
17-51,
17-52,COVID-PCR-21-31162
17-53,COVID-PCR-21-46911
17-54,COVID-PCR-21-31136
17-55,COVID-PCR-21-31111
17-56,COVID-PCR-21-46912
17-57,COVID-PCR-21-30558
17-58,COVID-PCR-21-30536
17-59,COVID-PCR-21-30387
17-60,COVID-PCR-21-30336
18,COV20-379140
18,
18,
18,
18,
19,COV20-380565
19,
19,
19,
19,
20,COV20-386365
20,
20,
21,COV20-154553RH
21,
21,
22,COV20-122672R
22,
22,
23,NCOV-20-026
23,
23,
24,NCOV-20-062
24,
24,
25,NCOV-20-057
25,
25,
26,NCOV-20-1270
26,
26,
27,NCOV-20-1296
27,
27,
28,NCOV-20-1353
28,
28,
29,NCOV-20-1346
29,
29,
30,COV20-03591
30,
30,
31,NCOV-20-2239
31,
31,
32,NCOV-20-2605
32,
32,
33,COV20-03311
33,
33,
34,COV20-04118
34,
34,
35,COV20-04272
35,
35,
36,COV20-04396
36,
36,
37,COV20-116139RH
37,
37,
38,COV20-122414
38,
38,
39,COV20-123022
39,
39,
40,COV20-327352BN
40,
40,
41,COV20-282913
41,
41,
42,COV20-302774
42,
42,
43,COV20-302775
43,
43,
44,COV20-323822
44,
44,
45,COV20-338066
45,
45,
46,COV20-357100
46,
46,
47,COV20-259465
47,
47,
48,COV20-243757
48,
48,
49,COV20-291585
49,
49,
50,COV20-342179
50,
50,
51,COV20-367248
51,
51,
52,test2
54,NCOV-20-4616
54,
54,
55,NCOV-20-3906
55,
55,
56,COV20-02368R
56,
56,
57,COV20-32292
57,
57,
58,COV20-27821
58,
58,
59,COV20-34629
59,
59,
60,COV20-34755
60,
60,
61,COV20-27623
61,
61,
62,COV20-83121
62,
62,
63,COV20-118880
63,
63,
64,COV20-83118
64,
64,
65,COV20-117170
65,
65,
66,COV20-151241
66,
66,
67,COV20-120503
67,
67,
68,COV20-141444
68,
68,
69,COV20-111728
69,
69,
70,COV20-128092
70,
70,
71,COV20-113486
71,
71,
72,COV20-154547
72,
72,
73,COV20-118536
73,
73,
74,COV20-152798
74,
74,
75,COV20-112122
75,
75,
76,COV20-103608
76,
76,
77,COV20-109368
77,
77,
78,COV21-389511
78,
78,
78,
79,COV21-407300
79,
79,
79,
80,COV21-398414
80,
80,
80,
81,COV21-399383
81,
81,
81,
82,COV21-438840
82,
82,
82,
83,COV21-401284
83,
83,
83,
84,COV21-389568
84,
84,
84,
85,COV21-415782
85,
85,
85,
86,COV21-423879
86,
86,
86,
87,COV21-425680
87,
87,
87,
88,COV21-411687
88,
88,
88,
89,COV21-424934
89,
89,
89,
90,COV21-423891
90,
90,
90,
91,COV21-409612
91,
91,
91,
92,COV21-430838
92,
92,
92,
93,COV21-434367
93,
93,
93,
94,COV21-429703
94,
94,
94,
95,COV21-430979
95,
95,
95,
96,COV21-438777
96,
96,
96,
97,COV21-438730
97,
97,
97,
98,COV21-438839
98,
98,
98,
99,COV21-438577
99,
99,
99,
100,COV21-438901
100,
100,
100,
101,COV21-438787
101,
101,
101,
102,NCOV-20-4189
102,
102,
102,
103,NCOV-20-2499
103,
103,
103,
104,NCOV-20-4930
104,
104,
104,
105,NCOV-20-3616
105,
105,
105,
106,NCOV-20-4260
106,
106,
106,
107,NCOV-20-3777
107,
107,
107,
108,NCOV-20-2764
108,
108,
108,
109,NCOV-20-5322
109,
109,
109,
110,NCOV-20-4817
110,
110,
110,
111,NCOV-20-5099
111,
111,
111,
112,NCOV-20-4832
112,
112,
112,
113,NCOV-20-4602
113,
113,
113,
114,COV21-445377R
114,
114,
114,
114,
115,COV21-453155RH
115,
115,
115,
115,
116,COV21-454775RH
116,
116,
116,
116,
117,COV21-466708RH
117,
117,
117,
117,
118,COV21-467794RH
118,
118,
118,
118,
119,COV21-472239RH
119,
119,
119,
119,
120,COV21-463644RH
120,
120,
120,
120,
121,COV21-476010RH
121,
121,
121,
121,
122,COV21-477823RH
122,
122,
122,
122,
123,COV21-482702RH
123,
123,
123,
123,
124,COV21-480606RH
124,
124,
124,
124,
125,COV21-495699RH
125,
125,
125,
125,
126,COV21-509723RH
126,
126,
126,
126,
127,COV21-514451RH
127,
127,
127,
127,
128,COV21-448043RH
128,
128,
128,
128,
129,COV21-477349RH
129,
129,
129,
129,
130,COV21-373531
130,
130,
130,
130,
131,COV20-119157RH
131,
131,
131,
131,
132,
133,COV21-488671RH
133,
133,
133,
134,COV21-520061RH
134,
134,
134,
135,COV21-512615R
135,
135,
135,
136,COV21-518905RH
136,
136,
136,
137,COV21-518604RH
137,
137,
137,
138,COV21-529389RH
138,
138,
138,
139,COV21-528383RH
139,
139,
139,
140,COV21-506737RH
140,
140,
140,
141,COV21-539295RH
141,
141,
141,
142,COV21-549314RH
142,
142,
142,
143,COV21-549064RH
143,
143,
143,
144,COV21-544805RH
144,
144,
144,
145,
146,
147,COV21-424935
147,
147,
147,
148,COV21-430095
148,
148,
148,
149,COV21-430421
149,
149,
149,
150,COV21-433027
150,
150,
150,
151,COV21-433028
151,
151,
151,
152,COV21-435508
152,
152,
152,
153,COV21-438786
153,
153,
153,
154,COV21-439305
154,
154,
154,
155,COV21-442922
155,
155,
155,
156,COV21-443171
156,
156,
156,
157,COV21-443172
157,
157,
157,
158,COV21-444242
158,
158,
158,
159,COV21-444825
159,
159,
159,
160,COV21-445442
160,
160,
160,
161,COV21-445905
161,
161,
161,
162,COV21-447283
162,
162,
162,
163,COV21-447441
163,
163,
163,
164,COV21-447443
164,
164,
164,
165,COV21-448563
165,
165,
165,
166,COV21-448568
166,
166,
166,
167,COV21-449520
167,
167,
167,
168,COV21-449521
168,
168,
168,
169,COV21-451067
169,
169,
169,
170,COV21-451324
170,
170,
170,
171,COV21-451378
171,
171,
171,
172,COV21-452664
172,
172,
172,
173,COV21-461885
173,
173,
173,
174,COV21-465398
174,
174,
174,
175,COV21-465410
175,
175,
175,
176,COV21-467601
176,
176,
176,
177,COV21-467737
177,
177,
177,
178,COV21-470156
178,
178,
178,
179,COV21-474515
179,
179,
179,
180,COV21-474530
180,
180,
180,
181,COV21-474833
181,
181,
181,
182,COV21-476274
182,
182,
182,
183,COV21-476334
183,
183,
183,
184,COV21-477104R
184,
184,
184,
185,COV21-477354R
185,
185,
185,
186,COV21-477510R
186,
186,
186,
187,COV21-481800
187,
187,
187,
188,COV21-483869
188,
188,
188,
189,COV21-483872
189,
189,
189,
190,COV21-485423
190,
190,
190,
191,COV21-485845
191,
191,
191,
192,COV21-486039
192,
192,
192,
193,COV21-486479
193,
193,
193,
194,COV21-487091
194,
194,
194,
195,COV21-388725
195,
195,
195,
196,COV21-389363
196,
196,
196,
197,COV21-391996
197,
197,
197,
198,COV21-393049
198,
198,
198,
199,COV21-395089
199,
199,
199,
200,COV21-396861
200,
200,
200,
201,COV21-399157
201,
201,
201,
202,COV21-399331
202,
202,
202,
203,COV21-399434
203,
203,
203,
203,
203,
204,COV21-401232
204,
204,
204,
205,COV21-401939
205,
205,
205,
206,COV21-401942
206,
206,
206,
207,COV21-401943
207,
207,
207,
208,COV21-401945
208,
208,
208,
209,COV21-403170
209,
209,
209,
210,COV21-404078
210,
210,
210,
211,COV21-404559
211,
211,
211,
212,COV21-405896
212,
212,
212,
213,COV21-405898
213,
213,
213,
214,COV21-409798
214,
214,
214,
215,COV21-409833
215,
215,
215,
216,COV21-410235
216,
216,
216,
217,COV21-410873
217,
217,
217,
218,COV21-411686
218,
218,
218,
219,COV21-411688
219,
219,
219,
220,COV21-412423
220,
220,
220,
221,COV21-416747
221,
221,
221,
222,COV21-423861
222,
222,
222,
223,COV21-439657
223,
223,
223,
224,COV21-440944
224,
224,
224,
225,COV21-440945
225,
225,
225,
226,COV21-440946
226,
226,
226,
227,COV21-445444
227,
227,
227,
228,COV21-445504
228,
228,
228,
229,COV21-445579
229,
229,
229,
230,COV21-445724
230,
230,
230,
231,COV21-445901
231,
231,
231,
232,COV21-445902
232,
232,
232,
233,COV21-448191
233,
233,
233,
234,COV21-448225
234,
234,
234,
235,COV21-449408
235,
235,
235,
236,COV21-449416
236,
236,
236,
237,COV21-449418
237,
237,
237,
238,COV21-450233
238,
238,
238,
239,COV21-451364
239,
239,
239,
240,COV21-485453
240,
240,
240,
241,COV21-401264
241,
241,
241,
242,COV21-401267
242,
242,
242,
243,COV21-401278
243,
243,
243,
244,COV21-401302
244,
244,
244,
245,COV21-401950
245,
245,
245,
246,COV21-401954
246,
246,
246,
247,COV21-402296
247,
247,
247,
248,COV21-401816
248,
248,
248,
249,COV21-402839
249,
249,
249,
250,COV21-403153
250,
250,
250,
251,COV21-405041
251,
251,
251,
252,COV21-405043
252,
252,
252,
253,COV21-405044
253,
253,
253,
254,COV21-405047
254,
254,
254,
255,COV21-405544
255,
255,
255,
256,COV21-405660
256,
256,
256,
257,COV21-406270
257,
257,
257,
258,COV21-401275
258,
258,
258,
259,COV21-402825
259,
259,
259,
260,COV21-402840
260,
260,
260,
261,COV21-404972
261,
261,
261,
262,COV21-403150
262,
262,
262,
263,COV21-405545
263,
263,
263,
264,COV21-405039
264,
264,
264,
265,COV21-405894
265,
265,
265,
266,COV21-406187
266,
266,
266,
267,COV21-406563
267,
267,
267,
268,COV21-407018
268,
268,
268,
269,COV21-407170
269,
269,
269,
270,COV21-401270
270,
270,
270,
271,COV21-409971
271,
271,
271,
272,COV21-411667
272,
272,
272,
273,COV21-407313
273,
273,
273,
274,COV21-408210
274,
274,
274,
275,COV21-408213
275,
275,
275,
276,COV21-408909
276,
276,
276,
277,COV21-409184
277,
277,
277,
278,COV21-409433
278,
278,
278,
279,COV21-409610
279,
279,
279,
280,COV21-409645
280,
280,
280,
281,COV21-410039
281,
281,
281,
282,COV21-409786
282,
282,
282,
283,COV21-409787
283,
283,
283,
284,COV21-409791
284,
284,
284,
285,COV21-406190
285,
285,
285,
286,COV21-407336
286,
286,
286,
287,COV21-387398
287,
287,
287,
288,COV21-416764
288,
288,
288,
289,COV21-411853
289,
289,
289,
290,COV21-416164
290,
290,
290,
291,COV21-416753
291,
291,
291,
292,COV21-416755
292,
292,
292,
293,COV21-416723
293,
293,
293,
294,COV21-416731
294,
294,
294,
295,COV21-416734
295,
295,
295,
296,COV21-416701
296,
296,
296,
297,COV21-417599
297,
297,
297,
298,COV21-417618
298,
298,
298,
299,COV21-417670
299,
299,
299,
300,COV21-417509
300,
300,
300,
301,COV21-421733
301,
301,
301,
302,COV21-421755
302,
302,
302,
303,COV21-422566
303,
303,
303,
304,COV21-422511
304,
304,
304,
305,COV21-422699
305,
305,
305,
306,COV21-422900
306,
306,
306,
307,COV21-424219R
307,
307,
307,
308,COV21-423987
308,
308,
308,
309,COV21-423859
309,
309,
309,
310,COV21-423860
310,
310,
310,
311,COV21-424262
311,
311,
311,
312,COV21-424264
312,
312,
312,
313,COV21-424284
313,
313,
313,
314,COV21-424285
314,
314,
314,
315,COV21-424500
315,
315,
315,
316,COV21-424937
316,
316,
316,
317,COV21-425011
317,
317,
317,
318,COV21-425012
318,
318,
318,
319,COV21-425018
319,
319,
319,
320,COV21-425022
320,
320,
320,
321,COV21-425316
321,
321,
321,
322,COV21-426050
322,
322,
322,
323,COV21-426058
323,
323,
323,
324,COV21-426077
324,
324,
324,
325,COV21-426078
325,
325,
325,
326,COV21-425774
326,
326,
326,
327,COV21-425798
327,
327,
327,
328,COV21-426663
328,
328,
328,
329,COV21-426655
329,
329,
329,
330,COV21-427084
330,
330,
330,
331,COV21-427822
331,
331,
331,
332,COV21-430165
332,
332,
332,
333,COV21-431169
333,
333,
333,
334,COV21-427837
334,
334,
334,
335,COV21-430166
335,
335,
335,
336,COV21-431189
336,
336,
336,
337,COV21-428422
337,
337,
337,
338,COV21-430322
338,
338,
338,
339,COV21-432141
339,
339,
339,
340,COV21-430051
340,
340,
340,
341,COV21-430339
341,
341,
341,
342,COV21-427816
342,
342,
342,
343,COV21-430342
343,
343,
343,
344,COV21-431817
344,
344,
344,
345,COV21-431893
345,
345,
345,
346,COV21-427818
346,
346,
346,
347,COV21-430215
347,
347,
347,
348,COV21-431205
348,
348,
348,
349,COV21-431819
349,
349,
349,
350,COV21-431908
350,
350,
350,
351,191721RH
351,
351,
351,
352,192756RO
352,
352,
353,199878RO
353,
353,
354,192755RO
354,
354,
355,199880
355,
355,
355,
356,192754RO
356,
356,
356,
357,192757RO
357,
357,
358,289858TS
358,
358,
359,195338RO
359,
359,
359,
360,286292SD
360,
360,
360,
361,199877RO
361,
361,
361,
362,291481R
362,
362,
362,
363,200825RO
363,
363,
364,289859TS
364,
364,
365,234746R
365,
365,
365,
366,188058RI
366,
366,
367,289856TS
367,
367,
368,199879RO
368,
368,
369,289855TS
369,
369,
370,237391R
370,
370,
371,284473RH
371,
371,
372,289853TS
372,
372,
373,246959TS
373,
373,
373,
374,211103_M04597_0034_000000000-JJCVJ_12175_S24_L001
374,
374,
375,211103_M04597_0034_000000000-JJCVJ_122985_S6_L001
375,
375,
376,211103_M04597_0034_000000000-JJCVJ_133549_S41_L001
376,
376,
377,211103_M04597_0034_000000000-JJCVJ_133559_S33_L001
377,
377,
378,211103_M04597_0034_000000000-JJCVJ_136212_S35_L001
378,
378,
379,211103_M04597_0034_000000000-JJCVJ_141461_S39_L001
379,
379,
380,211103_M04597_0034_000000000-JJCVJ_14414_S29_L001
380,
380,
381,211103_M04597_0034_000000000-JJCVJ_14482_S28_L001
381,
381,
382,211103_M04597_0034_000000000-JJCVJ_149759_S40_L001
382,
382,
383,211103_M04597_0034_000000000-JJCVJ_151015_S42_L001
383,
383,
384,211103_M04597_0034_000000000-JJCVJ_151667_S34_L001
384,
384,
385,211103_M04597_0034_000000000-JJCVJ_152946_S38_L001
385,
385,
386,211103_M04597_0034_000000000-JJCVJ_155442_S37_L001
386,
386,
387,211103_M04597_0034_000000000-JJCVJ_157527_S7_L001
387,
387,
388,211103_M04597_0034_000000000-JJCVJ_164419_S32_L001
388,
388,
389,211103_M04597_0034_000000000-JJCVJ_164514_S36_L001
389,
389,
390,211103_M04597_0034_000000000-JJCVJ_183022_S11_L001
390,
390,
391,211103_M04597_0034_000000000-JJCVJ_183029_S8_L001
391,
391,
392,211103_M04597_0034_000000000-JJCVJ_183560_S14_L001
392,
392,
393,211103_M04597_0034_000000000-JJCVJ_193021_S46_L001
393,
393,
394,211103_M04597_0034_000000000-JJCVJ_193095_S43_L001
394,
394,
395,211103_M04597_0034_000000000-JJCVJ_194020_S15_L001
395,
395,
396,211103_M04597_0034_000000000-JJCVJ_194032_S16_L001
396,
396,
397,211103_M04597_0034_000000000-JJCVJ_194071_S45_L001
397,
397,
398,211103_M04597_0034_000000000-JJCVJ_201024_S44_L001
398,
398,
399,211103_M04597_0034_000000000-JJCVJ_201149_S47_L001
399,
399,
400,211103_M04597_0034_000000000-JJCVJ_201347_S9_L001
400,
400,
401,211103_M04597_0034_000000000-JJCVJ_20833_S4_L001
401,
401,
402,211103_M04597_0034_000000000-JJCVJ_216204_S17_L001
402,
402,
403,211103_M04597_0034_000000000-JJCVJ_216866_S12_L001
403,
403,
404,211103_M04597_0034_000000000-JJCVJ_220174_S10_L001
404,
404,
405,211103_M04597_0034_000000000-JJCVJ_222320_S18_L001
405,
405,
406,211103_M04597_0034_000000000-JJCVJ_223980_S13_L001
406,
406,
407,211103_M04597_0034_000000000-JJCVJ_22954_S26_L001
407,
407,
408,211103_M04597_0034_000000000-JJCVJ_23963_S27_L001
408,
408,
409,211103_M04597_0034_000000000-JJCVJ_247890_S19_L001
409,
409,
410,211103_M04597_0034_000000000-JJCVJ_251258_S20_L001
410,
410,
411,211103_M04597_0034_000000000-JJCVJ_266717_S23_L001
411,
411,
412,211103_M04597_0034_000000000-JJCVJ_271539_S21_L001
412,
412,
413,211103_M04597_0034_000000000-JJCVJ_281389_S22_L001
413,
413,
414,211103_M04597_0034_000000000-JJCVJ_30560_S5_L001
414,
414,
415,211103_M04597_0034_000000000-JJCVJ_3242_S3_L001
415,
415,
416,211103_M04597_0034_000000000-JJCVJ_NC_S48_L001
416,
416,
417,211103_M04597_0034_000000000-JJCVJ_4053_S2_L001
417,
417,
418,211103_M04597_0034_000000000-JJCVJ_4884_S1_L001
418,
418,
419,211103_M04597_0034_000000000-JJCVJ_65159_S31_L001
419,
419,
420,211103_M04597_0034_000000000-JJCVJ_67501_S30_L001
420,
420,
421,211103_M04597_0034_000000000-JJCVJ_40373_S25_L001
421,
421,
422,COV21- 564367
422,
422,
422,
423,COV21- 562328R
423,
423,
423,
424,COV21- 564712
424,
424,
424,
425,COV21- 563820
425,
425,
425,
426,COV21- 563600R
426,
426,
426,
427,COV21- 563202
427,
427,
427,
428,COV21- 564908R
428,
428,
428,
429,COV21- 562370R
429,
429,
429,
430,COV21- 565233
430,
430,
430,
431,COV21- 563858
431,
431,
431,
432,COV21- 565364
432,
432,
432,
433,COV21- 565327
433,
433,
433,
434,COV21- 565598R
434,
434,
434,
435,COV21- 563039
435,
435,
435,
436,COV21- 563186
436,
436,
436,
437,COV21- 562974R
437,
437,
437,
438,COV21- 562110R
438,
438,
438,
439,COV21- 564449
439,
439,
439,
440,COV21- 563741
440,
440,
440,
441,COV21- 565596R
441,
441,
441,
442,COV21- 563054
442,
442,
442,
443,COV21- 562603
443,
443,
443,
444,COV21- 564650
444,
444,
444,
445,211110_M04597_0035_000000000-JJJ7C_177883_S44_L001
445,
445,
445,
446,211110_M04597_0035_000000000-JJJ7C_178787_S1_L001
446,
446,
446,
447,211110_M04597_0035_000000000-JJJ7C_185574_S3_L001
447,
447,
447,
448,211110_M04597_0035_000000000-JJJ7C_220199_S2_L001
448,
448,
448,
449,211110_M04597_0035_000000000-JJJ7C_240124_S17_L001
449,
449,
449,
450,211110_M04597_0035_000000000-JJJ7C_245097_S12_L001
450,
450,
450,
451,211110_M04597_0035_000000000-JJJ7C_246831RH_S46_L001
451,
451,
451,
452,211110_M04597_0035_000000000-JJJ7C_248291_S6_L001
452,
452,
452,
453,211110_M04597_0035_000000000-JJJ7C_248514_S11_L001
453,
453,
453,
454,211110_M04597_0035_000000000-JJJ7C_252067R_S15_L001
454,
454,
454,
455,211110_M04597_0035_000000000-JJJ7C_252170_S16_L001
455,
455,
455,
456,211110_M04597_0035_000000000-JJJ7C_257244_S13_L001
456,
456,
456,
457,211110_M04597_0035_000000000-JJJ7C_263083_S8_L001
457,
457,
457,
458,211110_M04597_0035_000000000-JJJ7C_267657_S18_L001
458,
458,
458,
459,211110_M04597_0035_000000000-JJJ7C_274434_S7_L001
459,
459,
459,
460,211110_M04597_0035_000000000-JJJ7C_277088_S10_L001
460,
460,
460,
461,211110_M04597_0035_000000000-JJJ7C_278363_S45_L001
461,
461,
461,
462,211110_M04597_0035_000000000-JJJ7C_281208_S9_L001
462,
462,
462,
463,211110_M04597_0035_000000000-JJJ7C_286473_S4_L001
463,
463,
463,
464,211110_M04597_0035_000000000-JJJ7C_286477_S5_L001
464,
464,
464,
465,211110_M04597_0035_000000000-JJJ7C_286804_S28_L001
465,
465,
465,
466,211110_M04597_0035_000000000-JJJ7C_289474_S19_L001
466,
466,
466,
467,211110_M04597_0035_000000000-JJJ7C_289487_S20_L001
467,
467,
467,
468,211110_M04597_0035_000000000-JJJ7C_291774_S29_L001
468,
468,
468,
469,211110_M04597_0035_000000000-JJJ7C_296515_S31_L001
469,
469,
469,
470,211110_M04597_0035_000000000-JJJ7C_302760_S24_L001
470,
470,
470,
471,211110_M04597_0035_000000000-JJJ7C_302768_S22_L001
471,
471,
471,
472,211110_M04597_0035_000000000-JJJ7C_304201_S26_L001
472,
472,
472,
473,211110_M04597_0035_000000000-JJJ7C_305643_S30_L001
473,
473,
473,
474,211110_M04597_0035_000000000-JJJ7C_306661_S21_L001
474,
474,
474,
475,211110_M04597_0035_000000000-JJJ7C_308853_S34_L001
475,
475,
475,
476,211110_M04597_0035_000000000-JJJ7C_308854_S27_L001
476,
476,
476,
477,211110_M04597_0035_000000000-JJJ7C_308904_S25_L001
477,
477,
477,
478,211110_M04597_0035_000000000-JJJ7C_310542_S32_L001
478,
478,
478,
479,211110_M04597_0035_000000000-JJJ7C_310543_S33_L001
479,
479,
479,
480,211110_M04597_0035_000000000-JJJ7C_313053_S14_L001
480,
480,
480,
481,211110_M04597_0035_000000000-JJJ7C_324586_S23_L001
481,
481,
481,
482,211110_M04597_0035_000000000-JJJ7C_353657_S37_L001
482,
482,
482,
483,211110_M04597_0035_000000000-JJJ7C_355072_S35_L001
483,
483,
483,
484,211110_M04597_0035_000000000-JJJ7C_356072_S36_L001
484,
484,
484,
485,211110_M04597_0035_000000000-JJJ7C_371368_S43_L001
485,
485,
485,
486,211110_M04597_0035_000000000-JJJ7C_378810_S38_L001
486,
486,
486,
487,211110_M04597_0035_000000000-JJJ7C_381751_S42_L001
487,
487,
487,
488,211110_M04597_0035_000000000-JJJ7C_384274_S40_L001
488,
488,
488,
489,211110_M04597_0035_000000000-JJJ7C_385150_S39_L001
489,
489,
489,
490,211110_M04597_0035_000000000-JJJ7C_385170_S47_L001
490,
490,
490,
491,211110_M04597_0035_000000000-JJJ7C_385588_S41_L001
491,
491,
491,
492,211110_M04597_0035_000000000-JJJ7C_NC_S48_L001
492,
492,
492,
493,211116_M04597_0036_000000000-JKMJ5_179462_S45_L001
493,
493,
493,
494,211116_M04597_0036_000000000-JKMJ5_184090_S33_L001
494,
494,
494,
495,211116_M04597_0036_000000000-JKMJ5_185698_S44_L001
495,
495,
495,
496,211116_M04597_0036_000000000-JKMJ5_189359_S40_L001
496,
496,
496,
497,211116_M04597_0036_000000000-JKMJ5_192038_S16_L001
497,
497,
497,
498,211116_M04597_0036_000000000-JKMJ5_192053_S31_L001
498,
498,
498,
499,211116_M04597_0036_000000000-JKMJ5_193689_S42_L001
499,
499,
499,
500,211116_M04597_0036_000000000-JKMJ5_194703_S39_L001
500,
500,
500,
501,211116_M04597_0036_000000000-JKMJ5_195375_S41_L001
501,
501,
501,
502,211116_M04597_0036_000000000-JKMJ5_201423_S35_L001
502,
502,
502,
503,211116_M04597_0036_000000000-JKMJ5_203730_S5_L001
503,
503,
503,
504,211116_M04597_0036_000000000-JKMJ5_211109_S10_L001
504,
504,
504,
505,211116_M04597_0036_000000000-JKMJ5_213513_S8_L001
505,
505,
505,
506,211116_M04597_0036_000000000-JKMJ5_215685_S2_L001
506,
506,
506,
507,211116_M04597_0036_000000000-JKMJ5_216674_S6_L001
507,
507,
507,
508,211116_M04597_0036_000000000-JKMJ5_219494_S46_L001
508,
508,
508,
509,211116_M04597_0036_000000000-JKMJ5_221573_S43_L001
509,
509,
509,
510,211116_M04597_0036_000000000-JKMJ5_227908_S47_L001
510,
510,
510,
511,211116_M04597_0036_000000000-JKMJ5_228159_S3_L001
511,
511,
511,
512,211116_M04597_0036_000000000-JKMJ5_228955_S4_L001
512,
512,
512,
513,211116_M04597_0036_000000000-JKMJ5_230817_S7_L001
513,
513,
513,
514,211116_M04597_0036_000000000-JKMJ5_231547R_S11_L001
514,
514,
514,
515,211116_M04597_0036_000000000-JKMJ5_237980_S37_L001
515,
515,
515,
516,211116_M04597_0036_000000000-JKMJ5_241282_S21_L001
516,
516,
516,
517,211116_M04597_0036_000000000-JKMJ5_242636_S32_L001
517,
517,
517,
518,211116_M04597_0036_000000000-JKMJ5_248417_S38_L001
518,
518,
518,
519,211116_M04597_0036_000000000-JKMJ5_258053_S25_L001
519,
519,
519,
520,211116_M04597_0036_000000000-JKMJ5_260331_S17_L001
520,
520,
520,
521,211116_M04597_0036_000000000-JKMJ5_261339_S22_L001
521,
521,
521,
522,211116_M04597_0036_000000000-JKMJ5_262053_S30_L001
522,
522,
522,
523,211116_M04597_0036_000000000-JKMJ5_266267_S26_L001
523,
523,
523,
524,211116_M04597_0036_000000000-JKMJ5_267615_S20_L001
524,
524,
524,
525,211116_M04597_0036_000000000-JKMJ5_268225_S14_L001
525,
525,
525,
526,211116_M04597_0036_000000000-JKMJ5_268241_S34_L001
526,
526,
526,
527,211116_M04597_0036_000000000-JKMJ5_270986_S23_L001
527,
527,
527,
528,211116_M04597_0036_000000000-JKMJ5_273036_S28_L001
528,
528,
528,
529,211116_M04597_0036_000000000-JKMJ5_273095_S9_L001
529,
529,
529,
530,211116_M04597_0036_000000000-JKMJ5_274897_S29_L001
530,
530,
530,
531,211116_M04597_0036_000000000-JKMJ5_276862_S13_L001
531,
531,
531,
532,211116_M04597_0036_000000000-JKMJ5_278343_S15_L001
532,
532,
532,
533,211116_M04597_0036_000000000-JKMJ5_279862_S36_L001
533,
533,
533,
534,211116_M04597_0036_000000000-JKMJ5_281388_S27_L001
534,
534,
534,
535,211116_M04597_0036_000000000-JKMJ5_295190_S12_L001
535,
535,
535,
536,211116_M04597_0036_000000000-JKMJ5_302779_S19_L001
536,
536,
536,
537,211116_M04597_0036_000000000-JKMJ5_322801_S18_L001
537,
537,
537,
538,211116_M04597_0036_000000000-JKMJ5_379283_S24_L001
538,
538,
538,
539,211116_M04597_0036_000000000-JKMJ5_379492_S1_L001
539,
539,
539,
540,211116_M04597_0036_000000000-JKMJ5_NC_S48_L001
540,
540,
540,
541,211123_M04597_0037_000000000-JKV4L_133602_S4_L001
541,
541,
541,
542,211123_M04597_0037_000000000-JKV4L_134048_S43_L001
542,
542,
542,
543,211123_M04597_0037_000000000-JKV4L_142409_S44_L001
543,
543,
543,
544,211123_M04597_0037_000000000-JKV4L_142412_S46_L001
544,
544,
544,
545,211123_M04597_0037_000000000-JKV4L_142415_S47_L001
545,
545,
545,
546,211123_M04597_0037_000000000-JKV4L_143120_S8_L001
546,
546,
546,
547,211123_M04597_0037_000000000-JKV4L_145268_S26_L001
547,
547,
547,
548,211123_M04597_0037_000000000-JKV4L_146257_S27_L001
548,
548,
548,
549,211123_M04597_0037_000000000-JKV4L_148023_S28_L001
549,
549,
549,
550,211123_M04597_0037_000000000-JKV4L_148025_S29_L001
550,
550,
550,
551,211123_M04597_0037_000000000-JKV4L_148028_S30_L001
551,
551,
551,
552,211123_M04597_0037_000000000-JKV4L_151267_S31_L001
552,
552,
552,
553,211123_M04597_0037_000000000-JKV4L_151274_S1_L001
553,
553,
553,
554,211123_M04597_0037_000000000-JKV4L_153665_S45_L001
554,
554,
554,
555,211123_M04597_0037_000000000-JKV4L_154548_S39_L001
555,
555,
555,
556,211123_M04597_0037_000000000-JKV4L_162826_S41_L001
556,
556,
556,
557,211123_M04597_0037_000000000-JKV4L_165209_S40_L001
557,
557,
557,
558,211123_M04597_0037_000000000-JKV4L_169126_S42_L001
558,
558,
558,
559,211123_M04597_0037_000000000-JKV4L_171503_S3_L001
559,
559,
559,
560,211123_M04597_0037_000000000-JKV4L_171504_S2_L001
560,
560,
560,
561,211123_M04597_0037_000000000-JKV4L_180775_S20_L001
561,
561,
561,
562,211123_M04597_0037_000000000-JKV4L_181100_S25_L001
562,
562,
562,
563,211123_M04597_0037_000000000-JKV4L_183291_S21_L001
563,
563,
563,
564,211123_M04597_0037_000000000-JKV4L_184877_S37_L001
564,
564,
564,
565,211123_M04597_0037_000000000-JKV4L_187103_S22_L001
565,
565,
565,
566,211123_M04597_0037_000000000-JKV4L_188441_S15_L001
566,
566,
566,
567,211123_M04597_0037_000000000-JKV4L_188451_S16_L001
567,
567,
567,
568,211123_M04597_0037_000000000-JKV4L_193133_S23_L001
568,
568,
568,
569,211123_M04597_0037_000000000-JKV4L_194021_S38_L001
569,
569,
569,
570,211123_M04597_0037_000000000-JKV4L_194611_S9_L001
570,
570,
570,
571,211123_M04597_0037_000000000-JKV4L_201187_S24_L001
571,
571,
571,
572,211123_M04597_0037_000000000-JKV4L_201372_S13_L001
572,
572,
572,
573,211123_M04597_0037_000000000-JKV4L_203671_S32_L001
573,
573,
573,
574,211123_M04597_0037_000000000-JKV4L_211489_S10_L001
574,
574,
574,
575,211123_M04597_0037_000000000-JKV4L_216694_S17_L001
575,
575,
575,
576,211123_M04597_0037_000000000-JKV4L_219247RH_S11_L001
576,
576,
576,
577,211123_M04597_0037_000000000-JKV4L_219978R_S12_L001
577,
577,
577,
578,211123_M04597_0037_000000000-JKV4L_221078_S14_L001
578,
578,
578,
579,211123_M04597_0037_000000000-JKV4L_221529_S5_L001
579,
579,
579,
580,211123_M04597_0037_000000000-JKV4L_221879_S33_L001
580,
580,
580,
581,211123_M04597_0037_000000000-JKV4L_222079_S18_L001
581,
581,
581,
582,211123_M04597_0037_000000000-JKV4L_223267_S6_L001
582,
582,
582,
583,211123_M04597_0037_000000000-JKV4L_223714_S34_L001
583,
583,
583,
584,211123_M04597_0037_000000000-JKV4L_228271_S36_L001
584,
584,
584,
585,211123_M04597_0037_000000000-JKV4L_231607_S7_L001
585,
585,
585,
586,211123_M04597_0037_000000000-JKV4L_231936_S19_L001
586,
586,
586,
587,211123_M04597_0037_000000000-JKV4L_232088_S35_L001
587,
587,
587,
588,211123_M04597_0037_000000000-JKV4L_NC_S48_L001
588,
588,
588,
589,20211125_1112_MC-110943_0_FAQ67889_b8f52195_forRecovery_barcode01
589,
589,
589,
590,20211125_1112_MC-110943_0_FAQ67889_b8f52195_forRecovery_barcode02
590,
590,
590,
591,20211125_1112_MC-110943_0_FAQ67889_b8f52195_forRecovery_barcode03
591,
591,
591,
592,20211125_1112_MC-110943_0_FAQ67889_b8f52195_forRecovery_barcode04
592,
592,
592,
593,20211125_1112_MC-110943_0_FAQ67889_b8f52195_forRecovery_barcode05
593,
593,
593,
594,20211125_1112_MC-110943_0_FAQ67889_b8f52195_forRecovery_barcode06
594,
594,
594,
595,20211125_1112_MC-110943_0_FAQ67889_b8f52195_forRecovery_barcode07
595,
595,
595,
596,20211125_1112_MC-110943_0_FAQ67889_b8f52195_forRecovery_barcode08
596,
596,
596,
597,20211125_1112_MC-110943_0_FAQ67889_b8f52195_forRecovery_barcode09
597,
597,
597,
598,20211125_1112_MC-110943_0_FAQ67889_b8f52195_forRecovery_barcode10
598,
598,
598,
599,20211125_1112_MC-110943_0_FAQ67889_b8f52195_forRecovery_barcode11
599,
599,
599,
600,20211125_1112_MC-110943_0_FAQ67889_b8f52195_forRecovery_barcode12
600,
600,
600,
601,20211125_1112_MC-110943_0_FAQ67889_b8f52195_forRecovery_barcode13
601,
601,
601,
602,20211125_1112_MC-110943_0_FAQ67889_b8f52195_forRecovery_barcode14
602,
602,
602,
603,20211125_1112_MC-110943_0_FAQ67889_b8f52195_forRecovery_barcode15
603,
603,
603,
604,20211125_1112_MC-110943_0_FAQ67889_b8f52195_forRecovery_barcode16
604,
604,
604,
605,20211125_1112_MC-110943_0_FAQ67889_b8f52195_forRecovery_barcode17
605,
605,
605,
606,20211125_1112_MC-110943_0_FAQ67889_b8f52195_forRecovery_barcode18
606,
606,
606,
607,20211125_1112_MC-110943_0_FAQ67889_b8f52195_forRecovery_barcode19
607,
607,
607,
608,20211125_1112_MC-110943_0_FAQ67889_b8f52195_forRecovery_barcode20
608,
608,
608,
609,COV21-569927R
609,
609,
609,
610,COV21-588399
610,
610,
610,
611,COV21-587993
611,
611,
611,
612,COV21-569936R
612,
612,
612,
613,COV21-587960
613,
613,
613,
614,COV21-588408
614,
614,
614,
615,COV21-588416
615,
615,
615,
616,COV21-589195
616,
616,
616,
617,COV21-570774
617,
617,
617,
618,NTC-cDNA
619,COV21-569988
619,
619,
619,
620,COV21-569942R
620,
620,
620,
621,COV21-585741
621,
621,
621,
622,COV21-570572RH
622,
622,
622,
623,COV21-568706R
623,
623,
623,
624,COV21- 586337SD
624,
624,
624,
625,COV21-570568RH
625,
625,
625,
626,COV21-570002
626,
626,
626,
627,COV21-569997
627,
627,
627,
628,COV21- 569922
628,
628,
628,
629,COV21-570553
629,
629,
629,
630,COV21-570549
630,
630,
630,
631,COV21-570546
631,
631,
631,
632,COV21-570540
632,
632,
632,
633,COV21-570528
633,
633,
633,
634,COV21-570387
634,
634,
634,
635,COV21-570363
635,
635,
635,
636,COV21-570359
636,
636,
636,
637,COV21-570351
637,
637,
637,
638,COV21-570334R
638,
638,
638,
639,COV21-570269
639,
639,
639,
640,COV21-570249
640,
640,
640,
641,COV21-570236
641,
641,
641,
642,COV21-570224
642,
642,
642,
643,COV21-570219
643,
643,
643,
644,COV21-570213
644,
644,
644,
645,COV21-570210
645,
645,
645,
646,COV21-570198
646,
646,
646,
647,COV21-570182
647,
647,
647,
648,COV21-570169
648,
648,
648,
649,COV21-570165
649,
649,
649,
650,COV21-570154
650,
650,
650,
651,NC-120221
651,
651,
651,
652,COV21-598195R
652,
652,
652,
653,COV21-598856R
653,
653,
653,
654,COV21-598920R
654,
654,
654,
655,COV21-598926R
655,
655,
655,
656,COV21-598953R
656,
656,
656,
657,COV21-598956R
657,
657,
657,
658,COV21-599109R
658,
658,
658,
659,COV21-599159R
659,
659,
659,
660,COV21-599139
660,
660,
660,
661,COV21-599182R
661,
661,
661,
662,COV21-599187R
662,
662,
662,
663,COV21-599188R
663,
663,
663,
664,COV21-599209R
664,
664,
664,
665,COV21-599211R
665,
665,
665,
666,COV21-599233
666,
666,
666,
667,COV21-599242
667,
667,
667,
668,COV21-599265R
668,
668,
668,
669,COV21-599277R
669,
669,
669,
670,COV21-599278R
670,
670,
670,
671,COV21-599299R
671,
671,
671,
672,COV21-599310R
672,
672,
672,
673,COV21-599311R
673,
673,
673,
674,COV21-599333R
674,
674,
674,
675,NC-010522
676,cov20-132977
676,
676,
676,
677,cov20-132981
677,
677,
677,
678,cov20-133487
678,
678,
678,
679,cov20-133509
679,
679,
679,
680,cov20-141035
680,
680,
680,
681,cov20-141044
681,
681,
681,
682,cov20-141694
682,
682,
682,
683,cov20-142705
683,
683,
683,
684,cov20-142706
684,
684,
684,
685,cov20-145819
685,
685,
685,
686,cov20-146052
686,
686,
686,
687,cov20-147492
687,
687,
687,
688,cov20-147503
688,
688,
688,
689,cov20-150506
689,
689,
689,
690,cov20-151250
690,
690,
690,
691,cov20-151252
691,
691,
691,
692,cov20-154497
692,
692,
692,
693,cov20-155005
693,
693,
693,
694,cov20-162637
694,
694,
694,
695,cov20-163798
695,
695,
695,
696,cov20-163928
696,
696,
696,
697,cov20-164436
697,
697,
697,
698,cov20-164511
698,
698,
698,
699,cov20-164916
699,
699,
699,
700,cov20-167095
700,
700,
700,
701,cov20-167101
701,
701,
701,
702,cov20-167103
702,
702,
702,
703,cov20-167958
703,
703,
703,
704,cov20-168639
704,
704,
704,
705,cov20-169914
705,
705,
705,
706,cov20-171076
706,
706,
706,
707,cov20-171087
707,
707,
707,
708,cov20-171491
708,
708,
708,
709,cov20-172629
709,
709,
709,
710,cov20-172630
710,
710,
710,
711,cov20-177486
711,
711,
711,
712,cov20-190449
712,
712,
712,
713,cov20-191094
713,
713,
713,
714,cov20-191095
714,
714,
714,
715,cov20-194710
715,
715,
715,
716,cov20-194728
716,
716,
716,
717,cov20-194739
717,
717,
717,
718,cov20-201673
718,
718,
718,
719,cov20-211880
719,
719,
719,
720,COV21-220922
720,
720,
720,
721,cov20-221589
721,
721,
721,
722,cov20-227909
722,
722,
722,
723,NC-220104_M04597_0038_000000000-JK6R3
723,
723,
723,
724,cov20-139419
724,
724,
724,
725,cov20-141424
725,
725,
725,
726,cov20-142420
726,
726,
726,
727,cov20-142489
727,
727,
727,
728,cov20-142934
728,
728,
728,
729,cov20-142953
729,
729,
729,
730,cov20-144181
730,
730,
730,
731,cov20-148316
731,
731,
731,
732,cov20-148799
732,
732,
732,
733,cov20-150502
733,
733,
733,
734,cov20-150547
734,
734,
734,
735,cov20-150555
735,
735,
735,
736,cov20-150578
736,
736,
736,
737,cov20-152660
737,
737,
737,
738,cov20-152662
738,
738,
738,
739,cov20-153666
739,
739,
739,
740,cov20-153960
740,
740,
740,
741,cov20-155719
741,
741,
741,
742,cov20-156434
742,
742,
742,
743,cov20-156436
743,
743,
743,
744,cov20-157152
744,
744,
744,
745,cov20-157393
745,
745,
745,
746,cov20-157446
746,
746,
746,
747,cov20-157449
747,
747,
747,
748,cov20-157450
748,
748,
748,
749,cov20-157602
749,
749,
749,
750,cov20-162060
750,
750,
750,
751,cov20-162067
751,
751,
751,
752,cov20-162077
752,
752,
752,
753,cov20-162087
753,
753,
753,
754,COV20-162725
754,
754,
754,
755,COV20-162728
755,
755,
755,
756,COV20-163867
756,
756,
756,
757,COV20-163881
757,
757,
757,
758,COV20-164513
758,
758,
758,
759,COV20-165315
759,
759,
759,
760,COV20-166876
760,
760,
760,
761,COV20-166878
761,
761,
761,
762,COV20-166881
762,
762,
762,
763,COV20-166934
763,
763,
763,
764,COV20-167383
764,
764,
764,
765,COV21-167389
765,
765,
765,
766,COV20-167917
766,
766,
766,
767,COV20-169196
767,
767,
767,
768,COV20-169209
768,
768,
768,
769,NC_220111_M04597_0039_000000000-JKV56
769,
769,
769,
770,COV21-387675
770,
770,
770,
771,COV21-388704
771,
771,
771,
772,COV21-395350
772,
772,
772,
773,COV21-396863
773,
773,
773,
774,COV21-398546
774,
774,
774,
775,COV21-399495
775,
775,
775,
776,COV21-399496
776,
776,
776,
777,COV21-402297
777,
777,
777,
778,COV21-408156
778,
778,
778,
779,COV21-411565
779,
779,
779,
780,COV21-414936
780,
780,
780,
781,COV21-415010
781,
781,
781,
782,COV21-415117
782,
782,
782,
783,COV21-415159
783,
783,
783,
784,COV21-415894
784,
784,
784,
785,COV21-415944
785,
785,
785,
786,COV21-416730
786,
786,
786,
787,COV21-417459
787,
787,
787,
788,COV21-418704
788,
788,
788,
789,COV21-421782
789,
789,
789,
790,COV21-425651
790,
790,
790,
791,COV21-427079
791,
791,
791,
792,COV21-427774
792,
792,
792,
793,COV21-427876
793,
793,
793,
794,COV21-431140
794,
794,
794,
795,COV21-431954
795,
795,
795,
796,COV21-445720
796,
796,
796,
797,COV21-599236
797,
797,
797,
798,COV21-599340RH
798,
798,
798,
799,COV21-599296
799,
799,
799,
800,COV21-599450R
800,
800,
800,
801,COV21-599459R
801,
801,
801,
802,COV21-599463R
802,
802,
802,
803,COV21-599466R
803,
803,
803,
804,COV21-599473R
804,
804,
804,
805,COV21-599387R
805,
805,
805,
806,COV21-599388R
806,
806,
806,
807,COV21-599407R
807,
807,
807,
808,COV21-599408R
808,
808,
808,
809,COV21-599412R
809,
809,
809,
810,COV21-599389
810,
810,
810,
811,COV21-599511R
811,
811,
811,
812,COV21-599486
812,
812,
812,
813,COV21-599589R
813,
813,
813,
814,COV21-599590R
814,
814,
814,
815,COV21-599593R
815,
815,
815,
816,COV21-599596R
816,
816,
816,
817,COV21-599597R
817,
817,
817,
818,COV21-599604R
818,
818,
818,
819,COV21-599614R
819,
819,
819,
820,COV21-599537
820,
820,
820,
821,COV21-599635
821,
821,
821,
822,COV21-598925R
822,
822,
822,
823,COV21-598947
823,
823,
823,
824,COV21-598948
824,
824,
824,
825,COV21-599105R
825,
825,
825,
826,COV21-598951
826,
826,
826,
827,COV21-598952
827,
827,
827,
828,NC-11922
828,
829,COV22-604677GC
829,
829,
829,
830,COV22-604678GC
830,
830,
830,
831,COV22-604679GC
831,
831,
831,
832,COV22-604680GC
832,
832,
832,
833,COV22-604681GC
833,
833,
833,
834,COV22-604682GC
834,
834,
834,
835,COV22-604683GC
835,
835,
835,
836,COV22-605095GC
836,
836,
836,
837,COV22-605096GC
837,
837,
837,
838,COV22-605097GC
838,
838,
838,
839,COV22-605098GC
839,
839,
839,
840,COV22-605099GC
840,
840,
840,
841,COV22-605100GC
841,
841,
841,
842,COV22-605101GC
842,
842,
842,
843,COV22-605102GC
843,
843,
843,
844,COV22-605103GC
844,
844,
844,
845,COV22-605104GC
845,
845,
845,
846,COV22-605105GC
846,
846,
846,
847,COV22-605106GC
847,
847,
847,
848,COV22-605107GC
848,
848,
848,
849,COV22-605109GC
849,
849,
849,
850,COV22-605108GC
850,
850,
850,
851,COV22-605110GC
851,
851,
851,
852,COV22-605111GC
852,
852,
852,
853,COV22-605112GC
853,
853,
853,
854,COV22-605113GC
854,
854,
854,
855,COV22-605114GC
855,
855,
855,
856,COV22-605115GC
856,
856,
856,
857,COV22-605116GC
857,
857,
857,
858,COV22-605117GC
858,
858,
858,
859,COV22-605118GC
859,
859,
859,
860,COV22-605119GC
860,
860,
860,
861,COV22-605120GC
861,
861,
861,
862,COV22-605121GC
862,
862,
862,
863,COV22-605122GC
863,
863,
863,
864,COV22-602277R
864,
864,
864,
865,COV22-601542
865,
865,
865,
866,COV22-601897R
866,
866,
866,
867,COV22-601908R
867,
867,
867,
868,COV22-601966R
868,
868,
868,
869,COV22-602033
869,
869,
869,
870,COV22-602115R
870,
870,
870,
871,COV22-602196R
871,
871,
871,
872,COV22-602197R
872,
872,
872,
873,COV22-602204R
873,
873,
873,
874,COV22-602350R
874,
874,
874,
875,COV22-602458RH
875,
875,
875,
876,NC-20220126_0907_X5_FAR66809_a6ca0a63
876,
876,
876,
877,COV22-605329GC
877,
877,
877,
878,COV22-605330GC
878,
878,
878,
879,COV22-605331GC
879,
879,
879,
880,COV22-605332GC
880,
880,
880,
881,COV22-605417GC
881,
881,
881,
882,COV22-605418GC
882,
882,
882,
883,COV22-605419GC
883,
883,
883,
884,COV22-605421GC
884,
884,
884,
885,COV22-605422GC
885,
885,
885,
886,COV22-605423GC
886,
886,
886,
887,COV22-605424GC
887,
887,
887,
888,COV22-605425GC
888,
888,
888,
889,COV22-605426GC
889,
889,
889,
890,COV22-605427GC
890,
890,
890,
891,COV22-605428GC
891,
891,
891,
892,COV21-591854
892,
892,
892,
893,COV21-591857
893,
893,
893,
894,COV21-591859
894,
894,
894,
895,COV21-591860
895,
895,
895,
896,COV21-591861
896,
896,
896,
897,COV21-591863
897,
897,
897,
898,COV21-591864
898,
898,
898,
899,COV21-591865
899,
899,
899,
900,COV21-591866
900,
900,
900,
901,COV21-591966
901,
901,
901,
902,COV21-592032
902,
902,
902,
903,COV21-592037
903,
903,
903,
904,COV21-592183
904,
904,
904,
906,NC02012022
906,
907,COV21-592410RH
907,
907,
907,
907,
907,
908,COV21-592436R
908,
908,
908,
908,
908,
909,COV21-592815R
909,
909,
909,
909,
909,
910,COV21-592816R
910,
910,
910,
910,
910,
911,COV21-592755
911,
911,
911,
912,COV21-593026R
912,
912,
912,
913,COV21-593601
913,
913,
913,
914,COV21-593815R
914,
914,
914,
915,COV21-593876
915,
915,
915,
916,COV21-593877
916,
916,
916,
917,COV21-594154
917,
917,
917,
917,
917,
918,COV21-594151
918,
918,
918,
918,
918,
919,COV21-594152
919,
919,
919,
919,
919,
920,COV21-594153
920,
920,
920,
920,
920,
921,COV21-594165
921,
921,
921,
922,COV21-594181RH
922,
922,
922,
923,COV21-594182RH
923,
923,
923,
924,COV21-594206R
924,
924,
924,
925,COV21-594732
925,
925,
925,
926,COV21-594976R
926,
926,
926,
927,COV22-605792GC
927,
927,
927,
928,COV22-605793GC
928,
928,
928,
929,COV22-605794GC
929,
929,
929,
930,COV22-605795GC
930,
930,
930,
931,COV22-605796GC
931,
931,
931,
932,COV22-605797GC
932,
932,
932,
933,COV22-605798GC
933,
933,
933,
934,COV22-605799GC
934,
934,
934,
935,COV22-605800GC
935,
935,
935,
936,COV22-605801GC
936,
936,
936,
937,COV22-605802GC
937,
937,
937,
938,COV22-605803GC
938,
938,
938,
939,COV22-605804GC
939,
939,
939,
940,COV22-605805GC
940,
940,
940,
941,COV22-605806GC
941,
941,
941,
942,COV22-605807GC
942,
942,
942,
943,COV22-605808GC
943,
943,
943,
944,COV22-605809GC
944,
944,
944,
945,COV22-605810GC
945,
945,
945,
946,COV22-605811GC
946,
946,
946,
947,COV22-605812GC
947,
947,
947,
948,COV22-605848GC
948,
948,
948,
949,COV22-605849GC
949,
949,
949,
950,COV22-605850GC
950,
950,
950,
951,COV22-605851GC
951,
951,
951,
952,COV22-605852GC
952,
952,
952,
953,COV22-605853GC
953,
953,
953,
954,COV22-605854GC
954,
954,
954,
955,COV22-605855GC
955,
955,
955,
956,COV22-605856GC
956,
956,
956,
957,NC020922
957,
958,COV22-605857GC
958,
958,
958,
959,COV22-605858GC
959,
959,
959,
960,COV22-605859GC
960,
960,
960,
961,COV22-605860GC
961,
961,
961,
962,COV22-605893GC
962,
962,
962,
963,COV22-605894GC
963,
963,
963,
964,COV22-605895GC
964,
964,
964,
965,COV22-605896GC
965,
965,
965,
966,COV22-695897GC
966,
966,
966,
967,COV22-605898GC
967,
967,
967,
968,COV22-605899GC
968,
968,
968,
969,COV22-605900GC
969,
969,
969,
970,COV22-605901GC
970,
970,
970,
971,COV22-605902GC
971,
971,
971,
972,COV22-605903GC
972,
972,
972,
973,COV22-605904GC
973,
973,
973,
974,COV22-605925GC
974,
974,
974,
975,COV22-605926GC
975,
975,
975,
976,COV22-605927GC
976,
976,
976,
977,COV22-605928GC
977,
977,
977,
978,COV22-605963GC
978,
978,
978,
979,COV22-605964GC
979,
979,
979,
980,COV22-605965GC
980,
980,
980,
981,COV22-605966GC
981,
981,
981,
982,COV22-605967GC
982,
982,
982,
983,COV22-605968GC
983,
983,
983,
984,COV22-606080GC
984,
984,
984,
985,COV22-606081GC
985,
985,
985,
986,COV22-606082GC
986,
986,
986,
987,COV22-606083GC
987,
987,
987,
988,NC02092022
988,
989,COV22-606168GC
989,
989,
989,
990,COV22-606200GC
990,
990,
990,
991,COV22-606201GC
991,
991,
991,
992,COV22-606202GC
992,
992,
992,
993,COV22-606203GC
993,
993,
993,
994,COV22-606204GC
994,
994,
994,
995,COV22-606205GC
995,
995,
995,
996,COV22-606207GC
996,
996,
996,
997,COV22-606208GC
997,
997,
997,
998,COV22-606209GC
998,
998,
998,
999,COV22-606210GC
999,
999,
999,
1000,COV22-606211GC
1000,
1000,
1000,
1001,COV22-606212GC
1001,
1001,
1001,
1002,COV22-606213GC
1002,
1002,
1002,
1003,COV22-606214GC
1003,
1003,
1003,
1004,COV22-606215GC
1004,
1004,
1004,
1005,COV22-606216GC
1005,
1005,
1005,
1006,COV22-606217GC
1006,
1006,
1006,
1007,COV22-606234GC
1007,
1007,
1007,
1008,COV22-606287GC
1008,
1008,
1008,
1009,COV22-606288GC
1009,
1009,
1009,
1010,COV22-606289GC
1010,
1010,
1010,
1011,COV22-606290GC
1011,
1011,
1011,
1012,COV22-606315GC
1012,
1012,
1012,
1013,COV22-606316GC
1013,
1013,
1013,
1014,COV22-606317GC
1014,
1014,
1014,
1015,COV22-606318GC
1015,
1015,
1015,
1016,COV22-606319GC
1016,
1016,
1016,
1017,COV22-606310GC
1017,
1017,
1017,
1018,NC-02152022
1018,
1019,COV22-606447GC
1019,
1019,
1019,
1020,COV22-606448GC
1020,
1020,
1020,
1021,COV22-606449GC
1021,
1021,
1021,
1022,COV22-606450GC
1022,
1022,
1022,
1023,COV22-606451GC
1023,
1023,
1023,
1024,COV22-606452GC
1024,
1024,
1024,
1025,COV22-606453GC
1025,
1025,
1025,
1026,COV22-606454GC
1026,
1026,
1026,
1027,COV22-606463GC
1027,
1027,
1027,
1028,COV22-606464GC
1028,
1028,
1028,
1029,COV22-606465GC
1029,
1029,
1029,
1030,COV22-606466GC
1030,
1030,
1030,
1031,COV22-606467GC
1031,
1031,
1031,
1032,COV22-606480GC
1032,
1032,
1032,
1033,COV22-606481GC
1033,
1033,
1033,
1034,COV22-606482GC
1034,
1034,
1034,
1035,COV22-606483GC
1035,
1035,
1035,
1036,COV22-606484GC
1036,
1036,
1036,
1037,COV22-606485GC
1037,
1037,
1037,
1038,COV22-606486GC
1038,
1038,
1038,
1039,COV22-606487GC
1039,
1039,
1039,
1040,COV22-606488GC
1040,
1040,
1040,
1041,COV22-606489GC
1041,
1041,
1041,
1042,COV22-606490GC
1042,
1042,
1042,
1043,COV22-606491GC
1043,
1043,
1043,
1044,COV22-606501GC
1044,
1044,
1044,
1045,COV22-606502GC
1045,
1045,
1045,
1046,COV22-606503GC
1046,
1046,
1046,
1047,NC-02222022
1047,
1048,COV22-606654GC
1048,
1048,
1048,
1049,COV22-606655GC
1049,
1049,
1049,
1050,COV22-606656GC
1050,
1050,
1050,
1051,COV22-606657GC
1051,
1051,
1051,
1052,COV22-606658GC
1052,
1052,
1052,
1053,COV22-606659GC
1053,
1053,
1053,
1054,COV22-606756GC
1054,
1054,
1054,
1055,COV22-606757GC
1055,
1055,
1055,
1056,COV22-606758GC
1056,
1056,
1056,
1057,COV22-606759GC
1057,
1057,
1057,
1058,COV22-606760GC
1058,
1058,
1058,
1059,COV22-606761GC
1059,
1059,
1059,
1060,COV22-606762GC
1060,
1060,
1060,
1061,COV22-606763GC
1061,
1061,
1061,
1062,COV22-606764GC
1062,
1062,
1062,
1063,COV22-606765GC
1063,
1063,
1063,
1064,COV22-606766GC
1064,
1064,
1064,
1065,COV22-606778GC
1065,
1065,
1065,
1066,COV22-606779GC
1066,
1066,
1066,
1067,COV22-606777GC
1067,
1067,
1067,
1068,NEC-030122
1068,
1069,NC_Ext
1069,
1069,
1070,COV22-606981GC
1070,
1070,
1070,
1071,COV22-606982GC
1071,
1071,
1071,
1072,COV22-606983GC
1072,
1072,
1072,
1073,COV22-606984GC
1073,
1073,
1073,
1074,COV22-606985GC
1074,
1074,
1074,
1075,COV22-606986GC
1075,
1075,
1075,
1076,COV22-606987GC
1076,
1076,
1076,
1077,COV22-606988GC
1077,
1077,
1077,
1078,COV22-607036GC
1078,
1078,
1078,
1079,COV22-607037GC
1079,
1079,
1079,
1080,COV22-607038GC
1080,
1080,
1080,
1081,COV22-607039GC
1081,
1081,
1081,
1082,COV22-607040GC
1082,
1082,
1082,
1083,COV22-607041GC
1083,
1083,
1083,
1084,COV22-607042GC
1084,
1084,
1084,
1085,COV22-607050GC
1085,
1085,
1085,
1086,COV22-607051GC
1086,
1086,
1086,
1087,COV22-607052GC
1087,
1087,
1087,
1088,COV22-607053GC
1088,
1088,
1088,
1089,COV22-607054GC
1089,
1089,
1089,
1090,COV22-607055GC
1090,
1090,
1090,
1091,COV22-607137GC
1091,
1091,
1091,
1092,COV22-607138GC
1092,
1092,
1092,
1093,COV22-607139GC
1093,
1093,
1093,
1094,COV22-607140GC
1094,
1094,
1094,
1095,COV22-607141GC
1095,
1095,
1095,
1096,COV22-607142GC
1096,
1096,
1096,
1097,COV22-607143GC
1097,
1097,
1097,
1098,COV22-607144GC
1098,
1098,
1098,
1099,COV22-607145GC
1099,
1099,
1099,
1100,COV22-607146GC
1100,
1100,
1100,
1101,COV22-607126GC
1101,
1101,
1101,
1102,COV22-607125GC
1102,
1102,
1102,
1103,NC03102022
1103,
1104,COV22-605756R
1104,
1104,
1104,
1105,COV22-605735RH
1105,
1105,
1105,
1106,COV22-605736RH
1106,
1106,
1106,
1107,COV22-605741RH
1107,
1107,
1107,
1108,COV22-605717R
1108,
1108,
1108,
1109,COV22-605718R
1109,
1109,
1109,
1110,COV22-605722SD
1110,
1110,
1110,
1111,COV22-605708
1111,
1111,
1111,
1112,COV22-605752RH
1112,
1112,
1112,
1113,COV22-605791R
1113,
1113,
1113,
1114,COV22-605820R
1114,
1114,
1114,
1115,COV22-605830SD
1115,
1115,
1115,
1116,COV22-605861RH
1116,
1116,
1116,
1117,COV22-605864R
1117,
1117,
1117,
1118,COV22-605880SD
1118,
1118,
1118,
1119,COV22-605886R
1119,
1119,
1119,
1120,COV22-606371RH
1120,
1120,
1120,
1121,COV22-606387R
1121,
1121,
1121,
1122,COV22-606393R
1122,
1122,
1122,
1123,COV22-606438R
1123,
1123,
1123,
1124,COV22-606574R
1124,
1124,
1124,
1125,COV22-606613R
1125,
1125,
1125,
1126,COV22-606614RH
1126,
1126,
1126,
1127,COV22-603959r
1127,
1127,
1127,
1128,COV22-606754R
1128,
1128,
1128,
1129,COV22-604227rh
1129,
1129,
1129,
1130,COV22-604552
1130,
1130,
1130,
1131,COV22-604250RH
1131,
1131,
1131,
1132,COV22-604057rh
1132,
1132,
1132,
1133,COV22-604181
1133,
1133,
1133,
1134,COV22-604079r
1134,
1134,
1134,
1135,COV22-603868
1135,
1135,
1135,
1136,COV22-604831
1136,
1136,
1136,
1137,COV22-604630RH
1137,
1137,
1137,
1138,COV22-604103
1138,
1138,
1138,
1139,COV22-603806r
1139,
1139,
1139,
1140,COV22-603944rh
1140,
1140,
1140,
1141,COV22-603937
1141,
1141,
1141,
1142,COV22-604532
1142,
1142,
1142,
1143,COV22-603939rh
1143,
1143,
1143,
1144,COv22-604205rh
1144,
1144,
1144,
1145,COV22-604604RH
1145,
1145,
1145,
1146,COV22-604432SD
1146,
1146,
1146,
1147,COV22-603998rh
1147,
1147,
1147,
1148,COV22-603903
1148,
1148,
1148,
1149,COV22-604135rh
1149,
1149,
1149,
1150,COV22-603922rh
1150,
1150,
1150,
1151,NC031722
1151,
